,formatted_address
0,"820 Mill Creek Rd, Walla Walla, WA 99362, USA"
1,"8252 Redstone Ave SE, Salem, OR 97306, USA"
2,"140 NE Hill St, Albany, OR 97321, USA"
3,"845 NE 5th St, McMinnville, OR 97128, USA"
4,"37245 SW Nature Dr, Cornelius, OR 97113, USA"
5,"701 NE 3rd St, McMinnville, OR 97128, USA"
6,"Winston, OR 97496, USA"
7,"71 Gangl Rd, Wapato, WA 98951, USA"
8,"15330 Old Hwy 99 S, Myrtle Creek, OR 97457, USA"
9,"9995 NE Parrett Mountain Rd, Newberg, OR 97132, USA"
10,"522 SE Washington Ave, Roseburg, OR 97470, USA"
11,"271 Auspland Dr, Underwood, WA 98651, USA"
12,"5641 US-12, Walla Walla, WA 99362, USA"
13,"14 W Main St, Walla Walla, WA 99362, USA"
14,"84038 Eastside Rd, 500 East Broadway, Milton-Freewater, OR 97862, USA"
15,"111 Balch Rd, Lyle, WA 98635, USA"
16,"1600 Oak Grove Rd, Salem, OR 97304, USA"
17,"5858 Old Hwy 12, Walla Walla, WA 99362, USA"
18,"1420 70th Ave SE, Salem, OR 97317, USA"
19,"Milton-Freewater, OR 97862, USA"
20,"24260 NW Turner Creek Rd, Yamhill, OR 97148, USA"
21,"85162 McBeth Rd, Eugene, OR 97405, USA"
22,"4008 NE Zimri Dr, Newberg, OR 97132, USA"
23,"309 Gangl Rd, Wapato, WA 98951, USA"
24,"1665 Eastside Rd, Jacksonville, OR 97530, USA"
25,"3189 OR-35, Hood River, OR 97031, USA"
26,"3796 Peppers Bridge Rd, Walla Walla, WA 99362, USA"
27,"301 Johnson Ave, Lyle, WA 98635, USA"
28,"4115 NE 259th St, Ridgefield, WA 98642, USA"
29,"8115 NE Worden Hill Rd, Dundee, OR 97115, USA"
30,"979 SW Alder St, Dundee, OR 97115, USA"
31,"981 Old Garden Valley Rd, Roseburg, OR 97471, USA"
32,"12995 NW Bishop Rd, Hillsboro, OR 97124, USA"
33,"1754 Best Rd NW, Salem, OR 97304, USA"
34,"6250 NE Hilltop Ln, Dayton, OR 97114, USA"
35,"1460 F St, Walla Walla, WA 99362, USA"
36,"12251 Southeast Dayton Bypass, OR-18, Dayton, OR 97114, USA"
37,"20N N 2nd Ave, Walla Walla, WA 99362, USA"
38,"16473 Chicken Dinner Rd, Caldwell, ID 83607, USA"
39,"18655 NE Trunk Rd, Dundee, OR 97115, USA"
40,"330 Kubli Rd, Grants Pass, OR 97527, USA"
41,"10880 NE Mineral Springs Rd, Carlton, OR 97111, USA"
42,"26421 OR-47, Gaston, OR 97119, USA"
43,"52874 County Rd, Milton-Freewater, OR 97862, USA"
44,"128 S Pine St, Carlton, OR 97111, USA"
45,"17150 NE Hillside Dr, Newberg, OR 97132, USA"
46,"19960 NE Ribbon Ridge Rd, Newberg, OR 97132, USA"
47,"1966 NW Pettygrove St, Portland, OR 97209, USA"
48,"2016 NE Zimri Dr, Newberg, OR 97132, USA"
49,"213 Independence Ln, Roseburg, OR 97471, USA"
50,"12345 Oak Rd NW, Salem, OR 97304, USA"
51,"18760 NE Laughlin Rd, Yamhill, OR 97148, USA"
52,"106 S Center St, Newberg, OR 97132, USA"
53,"Territorial Hwy, Eugene, OR 97405, USA"
54,"9675 Hopewell Rd NW, Salem, OR 97304, USA"
55,"19495 SW Vista Hill Dr, Hillsboro, OR 97123, USA"
56,"50 E 11th Ave, Eugene, OR 97401, USA"
57,"32230 NE Old Parrett Mountain Rd, Newberg, OR 97132, USA"
58,"34965 OR-53, Nehalem, OR 97131, USA"
59,"1670 Pioneer Rd, Talent, OR 97540, USA"
60,"30835 OR-99W, Newberg, OR 97132, USA"
61,"28155 NE Bell Rd, Newberg, OR 97132, USA"
62,"1416 SE Stark St, Portland, OR 97214, USA"
63,"801 N Scott St, Carlton, OR 97111, USA"
64,"9092 Jackson Hill Rd SE, Salem, OR 97306, USA"
65,"6080 Bethel Heights Rd NW, Salem, OR 97304, USA"
66,"839 C St, Walla Walla, WA 99362, USA"
67,"215 Doaks Ferry Rd NW, Salem, OR 97304, USA"
68,"840 C St, Walla Walla, WA 99362, USA"
69,"19255 OR-99W, Dayton, OR 97114, USA"
70,"760 C St, Walla Walla, WA 99362, USA"
71,"17940 NE Kings Grade, Newberg, OR 97132, USA"
72,"1808 Country Club Rd, Hood River, OR 97031, USA"
73,"6049 Bethel Heights Rd NW, Salem, OR 97304, USA"
74,"Newberg, OR 97132, USA"
75,"3511 SW Kanan Dr, Portland, OR 97221, USA"
76,"191 W Main St, Mt Vernon, OR 97865, USA"
77,"1326 OR-99W # 100, Dundee, OR 97115, USA"
78,"175 E Aeronca Ave, Walla Walla, WA 99362, USA"
79,"3635 Bethel Heights Rd NW, Salem, OR 97304, USA"
80,"2131 Little Applegate Rd, Jacksonville, OR 97530, USA"
81,"9500 NE Oak Springs Farm Rd, Carlton, OR 97111, USA"
82,"340 Busenbark Ln, Roseburg, OR 97471, USA"
83,"111 W Main St, Echo, OR 97826, USA"
84,"53863 Hwy 332, Sunnyside Rd, Milton-Freewater, OR 97862, USA"
85,"25040 Jaeg Rd, Junction City, OR 97448, USA"
86,"11665 Airlie Rd, Monmouth, OR 97361, USA"
87,"304 Oak St Suite #3, Hood River, OR 97031, USA"
88,"25944 Green Peak Rd, Monroe, OR 97456, USA"
89,"11412 OR-238, Jacksonville, OR 97530, USA"
90,"1038 SW Alder St, Portland, OR 97205, USA"
91,"4730 London Dr, Mt Hood, OR 97041, USA"
92,"2565 Riverside Dr S, Salem, OR 97306, USA"
93,"25167 Ferguson Rd, Junction City, OR 97448, USA"
94,"11900 S Criteser Rd, Oregon City, OR 97045, USA"
95,"3783 Peppers Bridge Rd, Walla Walla, WA 99362, USA"
96,"85728 Telephone Pole Rd, Milton-Freewater, OR 97862, USA"
97,"20440 NE Ribbon Ridge Rd, Newberg, OR 97132, USA"
98,"8800 Enchanted Way SE, Turner, OR 97392, USA"
99,"22 US-101, Depoe Bay, OR 97341, USA"
100,"195 E Palmer Ave, Cottage Grove, OR 97424, USA"
101,"24880 Orchard Tract Rd, Monroe, OR 97456, USA"
102,"26631 Alpine Cut Off Rd, Monroe, OR 97456, USA"
103,"18605 NE Calkins Ln, Newberg, OR 97132, USA"
104,"1329 Larson Rd, Roseburg, OR 97471, USA"
105,"29700 SW Burkhalter Rd, Hillsboro, OR 97123, USA"
106,"28836 S Barlow Rd, Canby, OR 97013, USA"
107,"840 Beltline Rd, Springfield, OR 97477, USA"
108,"425 SW Powerhouse Dr #301, Bend, OR 97702, USA"
109,"17325 NE Calkins Ln, Newberg, OR 97132, USA"
110,"8400 Champoeg Rd NE, St Paul, OR 97137, USA"
111,"212 N 3rd Ave, Walla Walla, WA 99362, USA"
112,"13615 NW Mason Hill Rd, North Plains, OR 97133, USA"
113,"13101 NW Fox Ridge Rd, McMinnville, OR 97128, USA"
114,"5657 Zena Rd NW, Salem, OR 97304, USA"
115,"646 SE Jackson St, Roseburg, OR 97470, USA"
116,"301 Country Club Rd, Hood River, OR 97031, USA"
117,"4693 Westwood Dr, Hood River, OR 97031, USA"
118,"731 SW 21st St, Chehalis, WA 98532, USA"
119,"150 E Boeing Ave, Walla Walla, WA 99362, USA"
120,"9360 SE Eola Hills Rd, Amity, OR 97101, USA"
121,"360 Klahowya Ln, Roseburg, OR 97471, USA"
122,"15771 NE Ribbon Ridge Rd, Newberg, OR 97132, USA"
123,"173 NE 3rd Ave Suite #107, Hillsboro, OR 97124, USA"
124,"17429 NE Hillside Dr, Newberg, OR 97132, USA"
125,"514 State St, Hood River, OR 97031, USA"
126,"3855 Morris Rd, Dallas, OR 97338, USA"
127,"488 Lincoln St, Eugene, OR 97401, USA"
128,"585 NE 3rd St, McMinnville, OR 97128, USA"
129,"20501 NW Russell Creek Rd, Yamhill, OR 97148, USA"
130,"25059 Larson Rd, Monroe, OR 97456, USA"
131,"301 Country Club Rd, Hood River, OR 97031, USA"
132,"3115 NE Sandy Blvd, Portland, OR 97232, USA"
133,"1736 J B George Rd, Walla Walla, WA 99362, USA"
134,"5659 Zena Rd NW, Salem, OR 97304, USA"
135,"300 Reuben Boise Rd, Dallas, OR 97338, USA"
136,"4550 Burgdorf Rd, Bonanza, OR 97623, USA"
137,"5100 SE Rice Ln, Amity, OR 97101, USA"
138,"15519 NW Orchard View Rd, McMinnville, OR 97128, USA"
139,"654 Kendall Rd, Cave Junction, OR 97523, USA"
140,"97301, 1600 Oak Grove Rd, Salem, OR 97304, USA"
141,"18830 NE Williamson Rd, Newberg, OR 97132, USA"
142,"6433 SE Foster Rd, Portland, OR 97206, USA"
143,"12001 NE Worden Hill Rd, Newberg, OR 97132, USA"
144,"430 Hooten Rd, Winston, OR 97496, USA"
145,"9380 NE Worden Hill Rd, Dundee, OR 97115, USA"
146,"23981 Hawley Creek Rd, Monroe, OR 97456, USA"
147,"OPEN BY APPOINTMENT PLEASE, 27895 NE Bell Rd, Newberg, OR 97132, USA"
148,"15225 NE North Valley Rd, Newberg, OR 97132, USA"
149,"17 E Main St, Walla Walla, WA 99362, USA"
150,"25904 Green Peak Rd, Monroe, OR 97456, USA"
151,"15640 S Spangler Rd, Oregon City, OR 97045, USA"
152,"28101 SW Petes Mountain Rd, West Linn, OR 97068, USA"
153,"151 Old Hwy 8, Lyle, WA 98635, USA"
154,"845 NE 5th St, McMinnville, OR 97128, USA"
155,"8500 Hopewell Rd NW, Salem, OR 97304, USA"
156,"31441 NW Commercial St, North Plains, OR 97133, USA"
157,"540 Charnelton St, Eugene, OR 97401, USA"
158,"14000 NE Quarry Rd, Newberg, OR 97132, USA"
159,"203 W Main St Suite C, Carlton, OR 97111, USA"
160,"52274 Pleasant View Rd, Milton-Freewater, OR 97862, USA"
161,"1475 Kubli Rd, Grants Pass, OR 97527, USA"
162,"19391 Cherry Hill Rd, Sheridan, OR 97378, USA"
163,"6650 Trout Creek Ridge Rd, Mt Hood, OR 97041, USA"
164,"16079 SW Railroad St, Sherwood, OR 97140, USA"
165,"4972 Cascade Hwy SE, Sublimity, OR 97385, USA"
166,"705 Berney Dr, Walla Walla, WA 99362, USA"
167,"9419 NE Worden Hill Rd, Dundee, OR 97115, USA"
168,"614 Main St Ste 1B, Vancouver, WA 98660, USA"
169,"21133 SW Lebeau Rd, Sherwood, OR 97140, USA"
170,"1116 W Cherry St, Walla Walla, WA 99362, USA"
171,"18599 NE Archery Summit Rd, Dayton, OR 97114, USA"
172,"6685 Meridian Rd NE, Silverton, OR 97381, USA"
173,"4651 NE Riverside Dr, McMinnville, OR 97128, USA"
174,"3440 Garden Valley Rd, Roseburg, OR 97471, USA"
175,"17495 NE McDougall Rd, Dayton, OR 97114, USA"
176,"3471 Pranger Rd, Walla Walla, WA 99362, USA"
177,"620 NE 3rd St, McMinnville, OR 97128, USA"
178,"14698 NE 212th Ave, Brush Prairie, WA 98606, USA"
179,"15305 Dunn Forest Rd, Monmouth, OR 97361, USA"
180,"7703, 10850 NW Seavey Rd, Forest Grove, OR 97116, USA"
181,"12470 NE Rowland Rd, Carlton, OR 97111, USA"
182,"16691 SW McFee Pl, Hillsboro, OR 97123, USA"
183,"755 Slagle Creek Rd, Grants Pass, OR 97527, USA"
184,"375 SW Barrel House Wy, West Linn, OR 97068, USA"
185,"17571 NE Calkins Ln, Newberg, OR 97132, USA"
186,"1320 N Mountain Ave, Ashland, OR 97520, USA"
187,"18401 NE Ribbon Ridge Rd, Newberg, OR 97132, USA"
188,"3500 NW Bridge Farmer Rd, Gaston, OR 97119, USA"
189,"207 E 5th Ave Ste 105, Eugene, OR 97401, USA"
190,"Fruit Farm Rd, Independence, OR 97351, USA"
191,"24000 Cardwell Hill Dr, Philomath, OR 97370, USA"
192,"14455 Redmond - Woodinville Rd NE Suite B, Woodinville, WA 98072, USA"
193,"26335 Greenberry Rd, Corvallis, OR 97333, USA"
194,"35040 SW Unger Rd, Cornelius, OR 97113, USA"
195,"15114 148th Ave NE, Woodinville, WA 98072, USA"
196,"45 Old Bullard Rd, Raymond, WA 98577, USA"
197,"7895 SE Amity Rd, Amity, OR 97101, USA"
198,"4350 Gibson Rd NW, Salem, OR 97304, USA"
199,"120 N Pine St, Carlton, OR 97111, USA"
200,"80247 Delight Valley School Rd, Saginaw, OR 97424, USA"
201,"13227 SW Canyon Rd Ste A, Beaverton, OR 97005, USA"
202,"5000 NE Sokol Blosser Ln, Dayton, OR 97114, USA"
203,"895 Reston Rd, Roseburg, OR 97471, USA"
204,"100 Belle Fiore Ln, Ashland, OR 97520, USA"
205,"Call to book reservations, 5935 Bethel Heights Rd NW, Salem, OR 97304, USA"
206,"1015 W Pine St, Walla Walla, WA 99362, USA"
207,"8351 NE Worden Hill Rd, Dundee, OR 97115, USA"
208,"10401 Cook-Underwood Rd, Underwood, WA 98651, USA"
209,"10375 Champoeg Rd NE, Aurora, OR 97002, USA"
210,"23145 OR-99W, Dundee, OR 97115, USA"
211,"3303 SE 20th Ave, Portland, OR 97202, USA"
212,"16707 SW Edminston Rd, Wilsonville, OR 97070, USA"
213,"23964 Hawley Creek Rd, Monroe, OR 97456, USA"
214,"128 S Pine St #47, Carlton, OR 97111, USA"
215,"2900 Melrose St, Walla Walla, WA 99362, USA"
216,"21425 SW Aebischer Rd, Sherwood, OR 97140, USA"
217,"94739 Turnbow Ln, Junction City, OR 97448, USA"
218,"16250 SW Oldsville Rd, McMinnville, OR 97128, USA"
219,"330 SW Powerhouse Dr #110, Bend, OR 97702, USA"
220,"4200 Post Canyon Dr, Hood River, OR 97031, USA"
221,"8400 Champoeg Rd NE, St Paul, OR 97137, USA"
222,"8415 NE Worden Hill Rd, Dundee, OR 97115, USA"
223,"725 Front St, Leavenworth, WA 98826, USA"
224,"22937 Harris Rd, Philomath, OR 97370, USA"
225,"The Old 47 Estate, 6505 SW Old Highway 47, Gaston, OR 97119, USA"
226,"211 Oak St, Hood River, OR 97031, USA"
227,"801 N Scott St, Carlton, OR 97111, USA"
228,"20465 SE Poco Ln, Amity, OR 97101, USA"
229,"3004 NE Zimri Dr, Newberg, OR 97132, USA"
230,"80854 Territorial Hwy, Eugene, OR 97405, USA"
231,"32900 Diamond Hill Rd, Harrisburg, OR 97446, USA"
232,"19930 SW 112th Ave, Tualatin, OR 97062, USA"
233,"70 N Colville St #106, Walla Walla, WA 99362, USA"
234,"7867 Crowley Rd, Rickreall, OR 97371, USA"
235,"255 Madison St, Eugene, OR 97402, USA"
236,"201 SE 3rd Ave, Portland, OR 97214, USA"
237,"92945 Kinser Ln, Cheshire, OR 97419, USA"
238,"2240 Prestwick Rd, Lake Oswego, OR 97034, USA"
239,"4169 Peppers Bridge Rd, Walla Walla, WA 99362, USA"
240,"35803 S, OR-213, Molalla, OR 97038, USA"
241,"108 S College St, Newberg, OR 97132, USA"
242,"2025 SE 7th Ave, Portland, OR 97214, USA"
243,"912 SW Morrison St, Portland, OR 97205, USA"
244,"22734 SW Latham Rd, McMinnville, OR 97128, USA"
245,"718 E 1st St, Newberg, OR 97132, USA"
246,"9650 NE Keyes Ln, Dundee, OR 97115, USA"
247,"1050 Merlot Dr, Walla Walla, WA 99362, USA"
248,"13301 NE Kuehne Rd, Carlton, OR 97111, USA"
249,"1600 E Nevada St, Ashland, OR 97520, USA"
250,"137 Locust St, Oakland, OR 97462, USA"
251,"18840 NE Williamson Rd, Newberg, OR 97132, USA"
252,"13260 NE Red Hills Rd, Newberg, OR 97132, USA"
253,"14775 NE North Valley Rd, Newberg, OR 97132, USA"
254,"25059 Larson Rd, Monroe, OR 97456, USA"
255,"974 OR-99W, Dundee, OR 97115, USA"
256,"22500 Ingram Ln NW, Salem, OR 97304, USA"
257,"49969 SW Patton Valley Rd, Gaston, OR 97119, USA"
258,"1326 OR-99W #104, Dundee, OR 97115, USA"
259,"100 SW 7th St, Dundee, OR 97115, USA"
260,"139 Cooke Rd, White Salmon, WA 98672, USA"
261,"4410 Lone Star Rd NW, Salem, OR 97304, USA"
262,"30088 SW Egger Rd, Hillsboro, OR 97123, USA"
263,"526 SW Yamhill St, Portland, OR 97204, USA"
264,"25075 Jaeg Rd, Junction City, OR 97448, USA"
265,"Tastings by Appointment, Indoor &, Outdoor Seating, 20980 NE Niederberger Rd, Dundee, OR 97115, USA"
266,"801 Scoggins Rd Box 235, Underwood, WA 98651, USA"
267,"11777 OR-238, Jacksonville, OR 97530, USA"
268,"6580 NE Mineral Springs Rd, Carlton, OR 97111, USA"
269,"29510 S Barlow Rd, Canby, OR 97013, USA"
270,"406 Lower Dry Creek Rd, Walla Walla, WA 99362, USA"
271,"8555 OR-238, Jacksonville, OR 97530, USA"
272,"6750 NE Breyman Orchards Rd, Dayton, OR 97114, USA"
273,"240 SE 5th St, Dundee, OR 97115, USA"
274,"12500 Lookingglass Rd, Roseburg, OR 97471, USA"
275,"2621 NW 30th Ave, Portland, OR 97210, USA"
276,"3795 Wallace Rd NW, Salem, OR 97304, USA"
277,"6 W Rose St Suite #104, Walla Walla, WA 99362, USA"
278,"16740 SW Pinot Pl, Hillsboro, OR 97123, USA"
279,"8670 NE Worden Hill Rd, Dundee, OR 97115, USA"
280,"305 W Main St, Carlton, OR 97111, USA"
281,"45 E Main St, Walla Walla, WA 99362, USA"
282,"590 Pearl St, Eugene, OR 97401, USA"
283,"17020 Ruben Ln, Sandy, OR 97055, USA"
284,"4477 S Stage Rd, Medford, OR 97501, USA"
285,"16161 NE McDougall Rd, Dayton, OR 97114, USA"
286,"590 Pearl St Ste 103, Eugene, OR 97401, USA"
287,"635 N 13th Ave, Walla Walla, WA 99362, USA"
288,"9779 SE Hillview Dr, Amity, OR 97101, USA"
289,"2016 Mill Creek Rd, Walla Walla, WA 99362, USA"
290,"551 N Thielson St, Echo, OR 97826, USA"
291,"7845 SE Amity Rd, Amity, OR 97101, USA"
292,"550 SW Industrial Way Suite 198, Bend, OR 97702, USA"
293,"92989 Templeton Rd, Cheshire, OR 97419, USA"
294,"20881 NE Laughlin Rd, Yamhill, OR 97148, USA"
295,"20210 SW Conzelmann Rd, Sherwood, OR 97140, USA"
296,"17485 OR-22, Dallas, OR 97338, USA"
297,"1140 Umpqua College Rd, Roseburg, OR 97470, USA"
298,"111 2nd St #300, Hood River, OR 97031, USA"
299,"12020 NE Stag Hollow Rd, Carlton, OR 97111, USA"
300,"829 NE 5th St #700, McMinnville, OR 97128, USA"
301,"31 E Main St, Walla Walla, WA 99362, USA"
302,"5890 Boswell Rd, Yoncalla, OR 97499, USA"
303,"19143 NE Laughlin Rd, Yamhill, OR 97148, USA"
304,"71 Little Buck Creek Rd, Underwood, WA 98651, USA"
305,"17 N 2nd Ave, Walla Walla, WA 99362, USA"
306,"Oakland, OR 97462, USA"
307,"5510 NE Breyman Orchards Rd, Dayton, OR 97114, USA"
308,"1604 Frenchtown Rd, Walla Walla, WA 99362, USA"
309,"70450 NW Lower Valley Dr, Terrebonne, OR 97760, USA"
310,"4137 Hood Rd, Walla Walla, WA 99362, USA"
311,"10505 NE Red Hills Rd, Dundee, OR 97115, USA"
312,"1 S Arbor Rd, Aberdeen, WA 98520, USA"
313,"322 Main St, Springfield, OR 97477, USA"
314,"888 Industrial Pkwy, Newberg, OR 97132, USA"
315,"3955 Belmont Dr, Hood River, OR 97031, USA"
316,"18700 SW Hillsboro Hwy, Newberg, OR 97132, USA"
317,"7612 Oak Hill Rd, Roseburg, OR 97471, USA"
318,"11511 NW Cummins Rd, Carlton, OR 97111, USA"
319,"614 SW Dakota St, Portland, OR 97239, USA"
320,"2750 Mistletoe Rd, Dallas, OR 97338, USA"
321,"609 SE Pine St, Roseburg, OR 97470, USA"
322,"1180 Whiteley Rd, Walla Walla, WA 99362, USA"
323,"33902 SW Ladd Hill Rd, Wilsonville, OR 97070, USA"
324,"19495 SW Vista Hill Dr, Hillsboro, OR 97123, USA"
325,"5195 SW Hergert Rd, Cornelius, OR 97113, USA"
326,"17770 NE Calkins Ln, Newberg, OR 97132, USA"
327,"404 SE 6th Ave, Portland, OR 97214, USA"
328,"885 Melqua Rd, Roseburg, OR 97471, USA"
329,"8450 US-30, Mosier, OR 97040, USA"
330,"10660 SW Youngberg Hill Rd, McMinnville, OR 97128, USA"
331,"345 1st St, Elkton, OR 97436, USA"
332,"7120 NE Earlwood Rd, Newberg, OR 97132, USA"
333,"5600 Van Well Rd, Dallas, OR 97338, USA"
334,"16 N 2nd Ave, Walla Walla, WA 99362, USA"
335,"22501 NE Dopp Rd, Newberg, OR 97132, USA"
336,"103 E Main St, Carlton, OR 97111, USA"
337,"23145 OR-99W, Dundee, OR 97115, USA"
338,"258 N Kutch St Ste A, Carlton, OR 97111, USA"
339,"25600 Mayola Ln, Eugene, OR 97402, USA"
340,"130 SW 7th St, Dundee, OR 97115, USA"
341,"Baker City, OR 97814, USA"
342,"774 Hidden Meadows Ln, Oakland, OR 97462, USA"
343,"19535 Hammers Ln, Cottonwood, CA 96022, USA"
344,"1350 Pleasant View Dr, Cottage Grove, OR 97424, USA"
345,"14135 NW Timmerman Rd, Forest Grove, OR 97116, USA"
346,"23269 NW Yungen Rd, Hillsboro, OR 97124, USA"
347,"3935 Oak Knoll Rd NW, Salem, OR 97304, USA"
348,"141 NW Minnesota Ave #2719, Bend, OR 97701, USA"
349,"17445 NE Ribbon Ridge Rd, Newberg, OR 97132, USA"
350,"541 Willamette St Suite #111, Eugene, OR 97401, USA"
351,"16125 SW Railroad St, Sherwood, OR 97140, USA"
352,"560 Commercial St Unit F, Eugene, OR 97402, USA"
353,"83893 Winesap Rd, Milton-Freewater, OR 97862, USA"
354,"3795 Wallace Rd NW, Salem, OR 97304, USA"
355,"19569 SW Finnigan Hill Rd, Hillsboro, OR 97123, USA"
356,"11799 NE Finn Hill Loop, Carlton, OR 97111, USA"
357,"24843 Kyle Rd, Monroe, OR 97456, USA"
358,"2377 S Edgewood St, Seaside, OR 97138, USA"
359,"1242 SE Maple St, Dundee, OR 97115, USA"
360,"1232 Wasco St, Hood River, OR 97031, USA"
361,"14020 Orchard Knob Rd, Dallas, OR 97338, USA"
362,"24241 Cardwell Hill Dr, Philomath, OR 97370, USA"
363,"1113 SE Rasmussen Blvd, Battle Ground, WA 98604, USA"
364,"17425 NE Hillside Dr, Newberg, OR 97132, USA"
365,"1350 Hines St SE, Salem, OR 97302, USA"
366,"25040 Jaeg Rd, Junction City, OR 97448, USA"
367,"119 W Main St, Carlton, OR 97111, USA"
368,"21690 Main St NE, Aurora, OR 97002, USA"
369,"3829 Colonial Rd, Roseburg, OR 97471, USA"
370,"341 SW 2nd St SUITE 3, Corvallis, OR 97333, USA"
371,"1704 J B George Rd, Walla Walla, WA 99362, USA"
372,"214 E 1st St, Newberg, OR 97132, USA"
373,"21775 SW Ribera Ln, West Linn, OR 97068, USA"
374,"111 5th St, Amity, OR 97101, USA"
375,"3890 Acree Dr, Hood River, OR 97031, USA"
376,"14665 SW Winery Ln, Beaverton, OR 97007, USA"
377,"15765 SW Muddy Valley Rd, McMinnville, OR 97128, USA"
378,"915 1st St, Otter Rock, OR 97369, USA"
379,"19100 NE Williamson Rd, Newberg, OR 97132, USA"
380,"229 E Main St, Walla Walla, WA 99362, USA"
381,"11570 NE Intervale Rd, Carlton, OR 97111, USA"
382,"17545 NE Archery Summit Rd, Dayton, OR 97114, USA"
383,"17755 NE Calkins Ln, Newberg, OR 97132, USA"
384,"4510 SE 23rd Ave, Portland, OR 97202, USA"
385,"100 5th St, Amity, OR 97101, USA"
386,"5525 Mill Creek Rd, The Dalles, OR 97058, USA"
387,"14455 Redmond - Woodinville Rd NE Suite A, Woodinville, WA 98072, USA"
388,"12220 NE Bayliss Rd, Carlton, OR 97111, USA"
389,"491 Winery Ln, Roseburg, OR 97471, USA"
390,"3283 Hillcrest Rd, Medford, OR 97504, USA"
391,"801 N Scott St, Carlton, OR 97111, USA"
392,"4285 N Pacific Hwy W, Rickreall, OR 97371, USA"
393,"691 OR-99W, Dundee, OR 97115, USA"
394,"20121 SW Leonardo Ln, Beaverton, OR 97007, USA"
395,"1200 OR-99W, Dundee, OR 97115, USA"
396,"7930 NE Blackburn Rd, Yamhill, OR 97148, USA"
397,"11400 SE Westland Ln, Dayton, OR 97114, USA"
398,"10464 Jory Ln, Dundee, OR 97115, USA"
399,"1663 Corkrum Rd, Walla Walla, WA 99362, USA"
400,"7200 NW Bony Rd, Yamhill, OR 97148, USA"
401,"11937 Elkhead Rd, Oakland, OR 97462, USA"
402,"5887 Orchard Heights Rd NW, Salem, OR 97304, USA"
403,"3150 Siskiyou Blvd, Ashland, OR 97520, USA"
404,"18150 SE Amity Vineyards Rd, Amity, OR 97101, USA"
405,"29495 SW Burkhalter Rd, Hillsboro, OR 97123, USA"
406,"Cook Rd, Baker City, OR 97814, USA"
407,"11975 Smithfield Rd, Dallas, OR 97338, USA"
408,"4855 SE 18th Ave, Portland, OR 97202, USA"
409,"5475 River Rd S, Salem, OR 97302, USA"
410,"15523 US-97, Culver, OR 97734, USA"
411,"1120 State Rd, Mosier, OR 97040, USA"
412,"2440 Winter St SE, Salem, OR 97302, USA"
413,"16955 Water Gap Rd, Williams, OR 97544, USA"
414,"34386 Mathews Rd, Eugene, OR 97405, USA"
415,"21338 Oak Ln NE, Aurora, OR 97002, USA"
416,"33750 SW Ladd Hill Rd, Wilsonville, OR 97070, USA"
417,"2178 Pioneer Rd, Talent, OR 97540, USA"
418,"11 NW Lava Rd, Bend, OR 97703, USA"
419,"18000 NE Morelli Dr, Yamhill, OR 97148, USA"
420,"10883 Southview Loop SE, Jefferson, OR 97352, USA"
421,"2882 Van Horn Dr, Hood River, OR 97031, USA"
422,"13627 NE Kinney Rd, Newberg, OR 97132, USA"
423,"83501 Lower Dry Creek Rd, Milton-Freewater, OR 97862, USA"
424,"11905 NE Dudley Rd, Newberg, OR 97132, USA"
425,"501 S Pacific Hwy W, Rickreall, OR 97371, USA"
426,"20875 SW Chapman Rd, Sherwood, OR 97140, USA"
427,"33 W Birch St, Walla Walla, WA 99362, USA"
428,"6309 Cottonwood Rd, Walla Walla, WA 99362, USA"
429,"306 N Main St, Newberg, OR 97132, USA"
430,"303 Main St #1B, Dayton, OR 97114, USA"
431,"By appt please, 16825 NE Chehalem Dr, Newberg, OR 97132, USA"
432,"415 Oak St, Hood River, OR 97031, USA"
433,"1031 Wahl Ln S, Salem, OR 97306, USA"
434,"614 E 1st St, Newberg, OR 97132, USA"
435,"1326 OR-99W Suite 101, Dundee, OR 97115, USA"
436,"6 W Rose St, Walla Walla, WA 99362, USA"
437,"336 NE Davis St, McMinnville, OR 97128, USA"
438,"675 Shafer Ln, Jacksonville, OR 97530, USA"
439,"8175 Buena Vista Rd, Independence, OR 97351, USA"
440,"17406 SW Parrett Mountain Rd, Sherwood, OR 97140, USA"
441,"17979 NE Lewis Rogers Ln, Newberg, OR 97132, USA"
442,"155 Lower Garden Valley Rd, Roseburg, OR 97471, USA"
443,"12321 NE Hwy 240, Newberg, OR 97132, USA"
444,"18200 NE Lewis Rogers Ln, Newberg, OR 97132, USA"
445,"16800 NE Calkins Ln, Newberg, OR 97132, USA"
446,"18409 NE Calkins Ln #6505, Newberg, OR 97132, USA"
447,"1015 McDonough Rd, Gold Hill, OR 97525, USA"
448,"575 OR-99W, Dundee, OR 97115, USA"
449,"5737 Orchard Heights Rd NW, Salem, OR 97304, USA"
450,"17806 SE 1st St, Vancouver, WA 98684, USA"
451,"2265 OR-35, Hood River, OR 97031, USA"
452,"20875 NE Ribbon Ridge Rd, Newberg, OR 97132, USA"
453,"3525 Pranger Rd, Walla Walla, WA 99362, USA"
454,"2 E Rose St, Walla Walla, WA 99362, USA"
455,"2158 Half Acre Ln, Walla Walla, WA 99362, USA"
456,"6 W Rose St, Walla Walla, WA 99362, USA"
457,"8400 Champoeg Rd NE, St Paul, OR 97137, USA"
458,"13945 OR-22, Dallas, OR 97338, USA"
459,"16425 SE Webfoot Rd, Dayton, OR 97114, USA"
460,"708 Oak St, Hood River, OR 97031, USA"
461,"1900 Orchard Rd, Hood River, OR 97031, USA"
462,"3336 SE Amity Dayton Hwy, Amity, OR 97101, USA"
463,"8877 Nonpareil Rd, Sutherlin, OR 97479, USA"
464,"20980 NE Niederberger Rd, Dundee, OR 97115, USA"
465,"4153 Hood Rd, Walla Walla, WA 99362, USA"
466,"11931 SE Hood View Rd, Amity, OR 97101, USA"
467,"8555 OR-238, Jacksonville, OR 97530, USA"
468,"442 Kramer Rd, Underwood, WA 98651, USA"
469,"10100 NW Meadowlake Rd, Carlton, OR 97111, USA"
470,"341 Kollock Knapp Rd, Underwood, WA 98651, USA"
471,"623 E 2nd St, The Dalles, OR 97058, USA"
472,"820 Elm St, Forest Grove, OR 97116, USA"
473,"125 S 3rd St, Jacksonville, OR 97530, USA"
474,"4451 NW Hill Rd, McMinnville, OR 97128, USA"
475,"203 E Main St, Talent, OR 97540, USA"
476,"8200 NE Worden Hill Rd, Dundee, OR 97115, USA"
477,"25974 OR-36, Cheshire, OR 97419, USA"
478,"13546 NW Willis Rd, McMinnville, OR 97128, USA"
479,"1937 Main St, Baker City, OR 97814, USA"
480,"2310 Voorhies Rd, Medford, OR 97501, USA"
481,"10052 Enchanted Way SE, Jefferson, OR 97352, USA"
482,"30790 SW Heater Rd, Sherwood, OR 97140, USA"
483,"18420 NE Dopp Rd, Newberg, OR 97132, USA"
484,"125 W Main St, Carlton, OR 97111, USA"
485,"475 NE 17th St, McMinnville, OR 97128, USA"
486,"17090 NE Woodland Loop Rd, Yamhill, OR 97148, USA"
487,"4210 Holland Loop Rd, Cave Junction, OR 97523, USA"
488,"10481 Cook-Underwood Rd, Underwood, WA 98651, USA"
489,"85530 OR-11, Milton-Freewater, OR 97862, USA"
490,"18380 NE Buena Vista Dr, Dundee, OR 97115, USA"
491,"Loop de Loop Wines, 451 Kramer Rd, Underwood, WA 98651, USA"
492,"707 Hess Ln, Roseburg, OR 97471, USA"
493,"22251 NE Laughlin Rd, Gaston, OR 97119, USA"
494,"1425 Humbug Creek Rd, Jacksonville, OR 97530, USA"
495,"17205 NE Dopp Rd, Newberg, OR 97132, USA"
496,"3053 Russell Creek Rd, Walla Walla, WA 99362, USA"
497,"818 Slagle Creek Rd, Grants Pass, OR 97527, USA"
498,"5920 Flournoy Valley Rd, Roseburg, OR 97471, USA"
499,"12956 Modoc Rd, White City, OR 97503, USA"
500,"28385 NE Bell Rd, Newberg, OR 97132, USA"
501,"7111 Spring Valley Rd NW, Salem, OR 97304, USA"
502,"5917 Orchard Heights Rd NW, Salem, OR 97304, USA"
503,"1395 River Dr, Elkton, OR 97436, USA"
504,"577 Mode Rd, Umpqua, OR 97486, USA"
505,"170 Lyle Snowden Rd, Lyle, WA 98635, USA"
506,"21101 SE Cherry Blossom Ln, Amity, OR 97101, USA"
507,"46350 NW David Hill Rd, Forest Grove, OR 97116, USA"
508,"240 Vineyard Ln, Roseburg, OR 97471, USA"
509,"210 Oak St, Hood River, OR 97031, USA"
510,"671 W Columbia Way, Vancouver, WA 98660, USA"
511,"5900 Zena Rd NW, Salem, OR 97304, USA"
512,"2143 Wells Dr, Hood River, OR 97031, USA"
513,"810 OR-99W, Dundee, OR 97115, USA"
514,"86187 Hoya Ln, Eugene, OR 97405, USA"
515,"31190 NE Veritas Ln, Newberg, OR 97132, USA"
516,"6060 Bethel Heights Rd NW, Salem, OR 97304, USA"
517,"89697 Sheffler Rd, Elmira, OR 97437, USA"
518,"325 2nd St, Elkton, OR 97436, USA"
519,"22185 SW Lebeau Rd, Sherwood, OR 97140, USA"
520,"21160 OR-99W, Dundee, OR 97115, USA"
521,"1439 NW Marshall St, Portland, OR 97209, USA"
522,"19500 SW Mountain Home Rd, Sherwood, OR 97140, USA"
523,"9110 N Applegate Rd, Grants Pass, OR 97527, USA"
524,"305 Melrose Rd, Roseburg, OR 97471, USA"
525,"3131 S 3rd Ave, Walla Walla, WA 99362, USA"
526,"5600 NE 175th Cir, Vancouver, WA 98686, USA"
527,"700 C St, Walla Walla, WA 99362, USA"
528,"75049 Snow Rd, Echo, OR 97826, USA"
529,"Vitae Springs, Oregon 97306, USA"
530,"8905 NE Worden Hill Rd, Dundee, OR 97115, USA"
531,"27411 SW Campbell Ln, West Linn, OR 97068, USA"
532,"225 Vineyard Ln, Walla Walla, WA 99362, USA"
533,"14000 NE Quarry Rd, Newberg, OR 97132, USA"
534,"17971 NE Lewis Rogers Ln, Newberg, OR 97132, USA"
535,"20120 NE Herring Ln, Newberg, OR 97132, USA"
536,"300 NE 3rd St, McMinnville, OR 97128, USA"
537,"83872 Don Carlo Way, Milton-Freewater, OR 97862, USA"
538,"660 Waterfront Wy, Vancouver, WA 98660, USA"
539,"9325 NE Worden Hill Rd, Dundee, OR 97115, USA"
540,"9374 Sunnyview Rd NE, Salem, OR 97317, USA"
541,"4855 SE 18th Ave, Portland, OR 97202, USA"
542,"1389 Old Garden Valley Rd, Roseburg, OR 97471, USA"
543,"750 W Lincoln St, Carlton, OR 97111, USA"
544,"18748 NE Laughlin Rd, Yamhill, OR 97148, USA"
545,"8000 NE Parrish Rd, Newberg, OR 97132, USA"
546,"422 King Rd, Underwood, WA 98651, USA"
547,"8467 Highway 30 West, Mosier, OR 97040, USA"
548,"6036 Orchard Heights Rd NW, Salem, OR 97304, USA"
549,"12020 NE Stag Hollow Rd, Carlton, OR 97111, USA"
550,"1248 Old Milton Hwy, Walla Walla, WA 99362, USA"
551,"3827 Fletcher Dr, Hood River, OR 97031, USA"
552,"858 Cleveland Hill Rd, Roseburg, OR 97471, USA"
553,"16435 NE Lewis Rogers Ln, Newberg, OR 97132, USA"
554,"6905 Spring Valley Rd NW, Salem, OR 97304, USA"
555,"1065 NE Alpine Ave, McMinnville, OR 97128, USA"
556,"Milton-Freewater, OR 97862, USA"
557,"13531 Bursell Rd, Dallas, OR 97338, USA"
558,"14725 NE Quarry Rd, Newberg, OR 97132, USA"
559,"55 S State St Suite 3105, Lake Oswego, OR 97034, USA"
560,"26 E Main St, Walla Walla, WA 99362, USA"
561,"2335 N Phoenix Rd, Medford, OR 97504, USA"
562,"528 NE 3rd St, McMinnville, OR 97128, USA"
563,"19822 McKillop Rd, Scotts Mills, OR 97375, USA"
564,"12777 Bursell Rd, Dallas, OR 97338, USA"
565,"1793 J B George Rd, Walla Walla, WA 99362, USA"
566,"3890 Acree Dr, Hood River, OR 97031, USA"
567,"4525 SE Division St, Portland, OR 97206, USA"
568,"1731 Pheasant Ct, Philomath, OR 97370, USA"
569,"25357 High Pass Rd, Junction City, OR 97448, USA"
570,"4122 Powerline Rd, Walla Walla, WA 99362, USA"
571,"315 E Cessna Ave, Walla Walla, WA 99362, USA"
572,"21000 SW Eagle Point Rd, McMinnville, OR 97128, USA"
573,"311 Oak St #2181, Hood River, OR 97031, USA"
574,"27007 Briggs Hill Rd, Eugene, OR 97405, USA"
575,"9730 OR-238, Jacksonville, OR 97530, USA"
576,"18323 NE Fairview Dr, Dundee, OR 97115, USA"
577,"12770 S Casto Rd, Oregon City, OR 97045, USA"
578,"Newberg, OR 97132, USA"
579,"1564 Whiteley Rd, Walla Walla, WA 99362, USA"
580,"81768 S Fork Walla Walla River Rd, Milton-Freewater, OR 97862, USA"
581,"810 Applegate St, Philomath, OR 97370, USA"
582,"450 Rosemont Rd, West Linn, OR 97068, USA"
583,"178 Vineyard Ln, Walla Walla, WA 99362, USA"
584,"4225 N Pacific Hwy W, Rickreall, OR 97371, USA"
585,"2920 NW Scenic Dr, Albany, OR 97321, USA"
586,"80520 Old Lorane Rd, Eugene, OR 97405, USA"
587,"3663 SW Dilley Rd, Forest Grove, OR 97116, USA"
588,"13005 Jerusalem Hill Rd NW, Salem, OR 97304, USA"
589,"26830 NW Olson Rd, Gaston, OR 97119, USA"
590,"168 S Pine St, Carlton, OR 97111, USA"
591,"33155 SW Riedweg Rd, Cornelius, OR 97113, USA"
592,"8795 NE Worden Hill Rd, Dundee, OR 97115, USA"
593,"54211 County 552 Rd, Milton-Freewater, OR 97862, USA"
594,"27012 Briggs Hill Rd, Eugene, OR 97405, USA"
595,"27751 NW Olson Rd, Gaston, OR 97119, USA"
596,"5475 River Rd S, Salem, OR 97302, USA"
597,"5430 NE Breyman Orchards Rd, Dayton, OR 97114, USA"
598,"1000 Azalea Dr, Elkton, OR 97436, USA"
599,"907 W 3rd Ave, Eugene, OR 97402, USA"
600,"6451 NE Hilltop Ln, Dayton, OR 97114, USA"
601,"6555 NE Hilltop Ln, Dayton, OR 97114, USA"
602,"3336 SE Amity Dayton Hwy, Amity, OR 97101, USA"
603,"2608 E Evergreen Blvd, Vancouver, WA 98661, USA"
604,"11603 S New Era Rd, Oregon City, OR 97045, USA"
605,"2795 Ballard Rd, Dallas, OR 97338, USA"
606,"3275 Ballard Rd, Dallas, OR 97338, USA"
607,"11920 US-12, Lowden, WA 99360, USA"
608,"304 Oak St, Hood River, OR 97031, USA"
609,"24757 Lavell Rd, Junction City, OR 97448, USA"
610,"52 N River Rd, Gold Hill, OR 97525, USA"
611,"16031 SW Pleasant Hill Rd, Sherwood, OR 97140, USA"
612,"14580 NE 145th St, Woodinville, WA 98072, USA"
613,"1000 Upper Applegate Rd, Jacksonville, OR 97530, USA"
614,"111 E Jewett Blvd, White Salmon, WA 98672, USA"
615,"8355 NE Warren Rd, Dundee, OR 97115, USA"
616,"17627 Abiqua Rd NE, Silverton, OR 97381, USA"
617,"23924 Territorial Rd, Monroe, OR 97456, USA"
618,"448 NE 3rd St, McMinnville, OR 97128, USA"
619,"9800 OR-238, Jacksonville, OR 97530, USA"
620,"235 E Broadway Ave #1807, Milton-Freewater, OR 97862, USA"
621,"34948 S Barlow Rd, Woodburn, OR 97071, USA"
622,"184 Missouri Flat Rd, Grants Pass, OR 97527, USA"
623,"687 Hubbard Creek Rd, Umpqua, OR 97486, USA"
624,"935 NE 10th Ave, McMinnville, OR 97128, USA"
625,"1122 Suncrest Rd, Talent, OR 97540, USA"
626,"2995 Michigan City Ln NW, Salem, OR 97304, USA"
627,"189 Ankeny Hill Rd SE A, Jefferson, OR 97352, USA"
628,"4180 Lone Star Rd NW, Salem, OR 97304, USA"
629,"175 Hogan Rd, Oakland, OR 97462, USA"
630,"3890 Acree Dr, Hood River, OR 97031, USA"
631,"1111 Abadie St, Walla Walla, WA 99362, USA"
632,"3336 SE Amity Dayton Hwy, Amity, OR 97101, USA"
633,"2303 N Harding Ave, Portland, OR 97227, USA"
634,"By Appointment Only, 15155 NE North Valley Rd, Newberg, OR 97132, USA"
635,"27415 Siuslaw Rd, Lorane, OR 97451, USA"
636,"9605 NE Fox Farm Rd, Dundee, OR 97115, USA"
637,"1242 SE Maple St, Dundee, OR 97115, USA"
